FILE,COMUNA,LAT,LON,ESTADO,OBSERVACION
54,Los Andes,-32.827211,-70.594664,Operativa,Problema eléctrico en marquesina
446,Olmué,-32.997378,-71.180600,Cerrada,Corte eléctrico comunal
639,Limache,-32.990257,-71.263914,Operativa con restricción,Calle Cerrada
53,Los Andes,-32.839900,-70.544500,Operativa,Sin Observación
55,Llay Llay,-32.847900,-70.959700,Operativa,Sin Observación
56,La Ligua,-32.453300,-71.249700,Operativa,Sin Observación
58,Hijuelas,-32.798200,-71.159100,Operativa,Sin Observación
59,San Felipe,-32.751983,-70.721081,Operativa,Sin Observación
60,Los Andes,-32.830700,-70.602300,Operativa,Sin Observación
